北京,北京
上海,上海
广州,广东
深圳,广东
杭州,浙江
苏州,江苏
武汉,湖北
南京,江苏
重庆,重庆
成都,四川
天津,天津
无锡,江苏
长沙,湖南
郑州,河南
宁波,浙江
西安,陕西
济南,山东
青岛,山东
福州,福建
合肥,安徽
佛山,广东
大连,辽宁
南通,江苏
沈阳,辽宁
东莞,广东
常州,江苏
昆明,云南
烟台,山东
厦门,福建
泉州,福建
绍兴,浙江
太原,山西
南昌,江西
长春,吉林
唐山,河北
温州,浙江
嘉兴,浙江
石家庄,河北
徐州,江苏
哈尔滨,黑龙江
台州,浙江
扬州,江苏
潍坊,山东
乌鲁木齐,新疆
珠海,广东
鄂尔多斯,内蒙古
金华,浙江
洛阳,河南
贵阳,贵州
镇江,江苏
淄博,山东
泰州,山东
盐城,江苏
南宁,广西
湖州,浙江
济宁,山东
宜昌,湖北
威海,山东
芜湖,安徽
惠州,广东
东营,山东
廊坊,山东
中山,广东
兰州,甘肃
襄阳,湖北
呼和浩特,内蒙古
漳州,福建
榆林,广西
临沂,山东
沧州,河北
株洲,湖南
江门,广东
保定,河北
九江,江西
大庆,黑龙江
包头,内蒙古
赣州,江西
泰安,山东
淮安,江苏
常德,湖南
邯郸,河北
柳州,广西
连云港,江苏
许昌,河南
遵义,贵州
绵阳,四川
龙岩,福建
德州,山东
焦作,河南
滁州,安徽
新乡,河南
衡阳,湖南
菏泽,山东
宿迁,江苏
莆田,福建
岳阳,湖南
三明,福建
南阳,河南
宜春,江西
湛江,广东